City_ID,City,Country,Date,Lat,Lng,Max Temp,Humidity,Cloudiness,Wind Speed
0,Busselton,AU,2022-11-05 23:48:18,-33.65,115.3333,59.49,61,0,12.77
1,Yellowknife,CA,2022-11-05 23:44:33,62.456,-114.3525,3.72,78,40,12.66
2,Ahipara,NZ,2022-11-05 23:48:18,-35.1667,173.1667,66.58,50,100,1.21
3,Ponta Do Sol,PT,2022-11-05 23:48:18,32.6667,-17.1,68.72,87,50,3.87
4,Mafinga,TZ,2022-11-05 23:48:19,-7.25,35.0667,72.93,46,97,4.25
5,Rikitea,PF,2022-11-05 23:48:19,-23.1203,-134.9692,71.28,73,70,16.58
6,Ushuaia,AR,2022-11-05 23:48:19,-54.8,-68.3,51.46,76,0,13.8
7,Gushikawa,JP,2022-11-05 23:48:19,26.3544,127.8686,70.83,70,75,10.36
8,Hermanus,ZA,2022-11-05 23:48:20,-34.4187,19.2345,60.8,92,53,8.75
9,Bukachacha,RU,2022-11-05 23:48:20,52.9833,116.9167,9.54,94,14,2.89
10,Bluff,NZ,2022-11-05 23:48:20,-46.6,168.3333,52.93,61,95,13.0
11,Qaanaaq,GL,2022-11-05 23:48:21,77.484,-69.3632,2.53,71,80,8.28
12,Bambous Virieux,MU,2022-11-05 23:48:21,-20.3428,57.7575,71.22,88,40,13.8
13,Cape Town,ZA,2022-11-05 23:44:20,-33.9258,18.4232,65.12,79,0,13.0
14,Puerto Ayora,EC,2022-11-05 23:48:21,-0.7393,-90.3518,66.2,79,45,13.56
15,Fortuna,US,2022-11-05 23:48:22,40.5982,-124.1573,56.93,87,100,5.01
16,Demyanovo,RU,2022-11-05 23:48:22,60.3511,47.0842,24.64,96,67,4.38
17,Kodiak,US,2022-11-05 23:48:22,57.79,-152.4072,31.51,40,0,21.85
18,Namatanai,PG,2022-11-05 23:48:23,-3.6667,152.4333,82.89,73,100,5.41
19,Albany,US,2022-11-05 23:47:36,42.6001,-73.9662,70.21,70,97,8.61
20,Havoysund,NO,2022-11-05 23:48:23,70.9963,24.6622,41.23,86,100,9.01
21,Hobart,AU,2022-11-05 23:48:04,-42.8794,147.3294,66.25,62,40,8.05
22,Vaini,TO,2022-11-05 23:48:23,-21.2,-175.2,77.16,83,40,8.05
23,Lorengau,PG,2022-11-05 23:48:24,-2.0226,147.2712,84.61,71,27,3.29
24,Sungaipenuh,ID,2022-11-05 23:48:24,-2.0833,101.3833,65.55,92,100,0.67
25,Tuktoyaktuk,CA,2022-11-05 23:48:24,69.4541,-133.0374,5.0,85,75,21.85
26,Saldanha,ZA,2022-11-05 23:48:24,-33.0117,17.9442,59.05,93,11,12.44
27,Pangai,TO,2022-11-05 23:48:25,-19.8,-174.35,76.73,75,48,16.35
28,Kahului,US,2022-11-05 23:48:25,20.8947,-156.47,89.62,59,40,19.57
29,Agadez,NE,2022-11-05 23:48:25,19.75,10.25,67.75,21,98,9.1
30,Aykhal,RU,2022-11-05 23:48:25,66.0,111.5,-4.59,100,96,2.93
31,Jalu,LY,2022-11-05 23:48:26,29.0331,21.5482,67.75,35,13,10.22
32,Moree,AU,2022-11-05 23:48:26,-29.4667,149.85,72.09,43,30,6.55
33,Imbituba,BR,2022-11-05 23:48:26,-28.24,-48.6703,62.31,75,16,3.67
34,Labrea,BR,2022-11-05 23:48:27,-7.2586,-64.7981,76.62,52,56,1.34
35,Kapaa,US,2022-11-05 23:46:46,22.0752,-159.319,82.72,79,75,14.97
36,Laguna,US,2022-11-05 23:48:27,38.421,-121.4238,63.05,72,100,9.22
37,Samfya,ZM,2022-11-05 23:48:27,-11.3649,29.5565,68.43,80,99,2.64
38,Bredasdorp,ZA,2022-11-05 23:48:28,-34.5322,20.0403,63.01,85,96,5.53
39,Flinders,AU,2022-11-05 23:48:28,-34.5833,150.8552,76.05,65,7,7.0
40,Cidreira,BR,2022-11-05 23:48:28,-30.1811,-50.2056,64.38,73,1,12.17
41,Ornskoldsvik,SE,2022-11-05 23:48:29,63.2909,18.7153,40.15,93,100,14.97
42,Sistranda,NO,2022-11-05 23:48:29,63.7256,8.834,42.76,77,66,6.51
43,Lianzhou,CN,2022-11-05 23:48:29,24.7811,112.3825,61.56,90,97,1.59
44,Butaritari,KI,2022-11-05 23:48:29,3.0707,172.7902,79.79,74,43,10.22
45,Mataura,NZ,2022-11-05 23:48:30,-46.1927,168.8643,60.15,41,18,4.7
46,Manadhoo,MV,2022-11-05 23:48:30,5.7667,73.3833,80.62,71,95,1.48
47,Longyearbyen,SJ,2022-11-05 23:48:30,78.2186,15.6401,33.64,69,75,11.5
48,Ancud,CL,2022-11-05 23:48:30,-41.8697,-73.8203,50.92,92,80,7.29
49,Hamilton,US,2022-11-05 23:48:31,39.1834,-84.5333,74.03,62,100,18.41
50,Akyab,MM,2022-11-05 23:48:31,20.15,92.9,73.67,86,0,5.91
51,Zaraza,VE,2022-11-05 23:48:31,9.3503,-65.3245,75.04,78,97,3.38
52,Belmonte,BR,2022-11-05 23:48:32,-15.8631,-38.8828,73.31,75,100,13.31
53,Airai,TL,2022-11-05 23:48:32,-8.9266,125.4092,70.93,58,84,2.46
54,Ostrovnoy,RU,2022-11-05 23:48:32,68.0531,39.5131,33.31,93,94,16.98
55,Fairbanks,US,2022-11-05 23:48:33,64.8378,-147.7164,14.59,79,0,0.0
56,Sao Joao Da Barra,BR,2022-11-05 23:48:33,-21.6403,-41.0511,69.89,79,2,10.22
57,Purpe,RU,2022-11-05 23:48:33,64.4803,76.6897,24.66,98,99,2.48
58,Tigzirt,DZ,2022-11-05 23:48:33,36.8886,4.1198,59.04,69,0,5.99
59,Sobolevo,RU,2022-11-05 23:48:34,54.4299,31.8996,29.73,86,95,9.82
60,Piacabucu,BR,2022-11-05 23:48:34,-10.4056,-36.4344,76.03,87,90,11.54
61,Tutoia,BR,2022-11-05 23:48:34,-2.7619,-42.2744,77.09,90,99,7.99
62,New Norfolk,AU,2022-11-05 23:48:34,-42.7826,147.0587,65.91,53,35,3.0
63,Port Alfred,ZA,2022-11-05 23:48:35,-33.5906,26.891,68.43,69,66,1.99
64,Taos,US,2022-11-05 23:48:35,36.4072,-105.5731,48.6,48,0,14.97
65,Taoudenni,ML,2022-11-05 23:48:35,22.6783,-3.9836,76.42,14,0,11.34
66,Punta Arenas,CL,2022-11-05 23:48:27,-53.15,-70.9167,59.11,51,0,12.66
67,South Daytona,US,2022-11-05 23:48:36,29.1658,-81.0045,79.0,92,40,4.61
68,Barrow,US,2022-11-05 23:48:36,71.2906,-156.7887,8.62,85,100,10.36
69,Upernavik,GL,2022-11-05 23:48:36,72.7868,-56.1549,22.05,71,82,33.06
70,Bridlington,GB,2022-11-05 23:48:37,54.0831,-0.1919,46.89,96,21,4.0
71,Te Anau,NZ,2022-11-05 23:48:37,-45.4167,167.7167,57.61,51,18,1.63
72,Jamestown,US,2022-11-05 23:45:29,42.097,-79.2353,73.04,67,20,18.41
73,Mandalgovi,MN,2022-11-05 23:48:37,45.7625,106.2708,25.65,46,53,9.48
74,Cockburn Town,TC,2022-11-05 23:48:37,21.4612,-71.1419,76.96,73,40,14.97
75,Arraial Do Cabo,BR,2022-11-05 23:48:38,-22.9661,-42.0278,68.0,73,2,6.53
76,Nikolskoye,RU,2022-11-05 23:48:38,59.7035,30.7861,31.89,73,100,9.73
77,Ilulissat,GL,2022-11-05 23:48:38,69.2167,-51.1,24.82,86,100,9.22
78,Cairns,AU,2022-11-05 23:48:39,-16.9167,145.7667,83.07,80,100,10.36
79,Khatanga,RU,2022-11-05 23:48:39,71.9667,102.5,-18.53,100,85,6.24
80,Oxbow,CA,2022-11-05 23:48:39,49.2333,-102.1676,38.64,87,100,17.65
81,Chuy,UY,2022-11-05 23:48:39,-33.6971,-53.4616,58.41,88,4,9.84
82,Havelock,US,2022-11-05 23:48:40,34.8791,-76.9013,73.38,90,0,4.61
83,Tezu,IN,2022-11-05 23:48:40,27.9167,96.1667,62.62,55,0,4.03
84,Torbay,CA,2022-11-05 23:48:40,47.6666,-52.7314,55.89,83,75,21.85
85,Birao,CF,2022-11-05 23:48:41,10.2849,22.7882,74.32,36,21,4.83
86,Silao,MX,2022-11-05 23:48:41,20.9333,-101.4333,72.16,23,0,5.06
87,Apatou,GF,2022-11-05 23:48:41,5.155,-54.3472,73.74,99,89,2.77
88,Asau,RO,2022-11-05 23:48:41,46.4333,26.4,51.28,95,100,3.33
89,Williston,US,2022-11-05 23:46:01,48.147,-103.618,45.34,66,81,8.01
90,Hithadhoo,MV,2022-11-05 23:48:42,-0.6,73.0833,80.83,77,100,9.17
91,Saskylakh,RU,2022-11-05 23:48:42,71.9167,114.0833,-21.32,100,100,2.66
92,San Patricio,US,2022-11-05 23:48:42,28.017,-97.5169,72.84,62,2,8.21
93,Samarai,PG,2022-11-05 23:48:43,-10.6167,150.6667,84.04,71,55,7.56
94,Olavarria,AR,2022-11-05 23:48:43,-36.8927,-60.3225,61.66,44,25,9.35
95,Atbasar,KZ,2022-11-05 23:48:43,51.8,68.3333,26.11,82,9,16.13
96,Bubaque,GW,2022-11-05 23:48:44,11.2833,-15.8333,83.34,65,87,10.29
97,Kamenka,RU,2022-11-05 23:48:44,51.3223,42.7678,33.78,84,100,5.84
98,East London,ZA,2022-11-05 23:48:44,-33.0153,27.9116,64.89,79,43,5.01
99,Chapais,CA,2022-11-05 23:47:46,49.7834,-74.8492,42.58,85,100,11.3
100,Usvyaty,RU,2022-11-05 23:48:45,55.7456,30.7533,31.35,80,100,8.9
101,Sitka,US,2022-11-05 23:48:45,57.0531,-135.33,39.09,41,75,5.75
102,Vao,NC,2022-11-05 23:48:45,-22.6667,167.4833,76.39,83,77,9.69
103,Pevek,RU,2022-11-05 23:48:46,69.7008,170.3133,28.13,88,100,27.11
104,Kruisfontein,ZA,2022-11-05 23:48:46,-34.0033,24.7314,63.88,92,83,2.33
105,Kavieng,PG,2022-11-05 23:48:46,-2.5744,150.7967,83.89,74,83,8.41
106,Souillac,MU,2022-11-05 23:48:46,-20.5167,57.5167,70.18,88,40,13.8
107,Semey,KZ,2022-11-05 23:48:47,50.4111,80.2275,34.02,80,100,4.47
108,Sisimiut,GL,2022-11-05 23:48:47,66.9395,-53.6735,21.16,77,100,15.66
109,Lebu,CL,2022-11-05 23:46:43,-37.6167,-73.65,52.07,86,8,4.74
110,Lodwar,KE,2022-11-05 23:48:47,3.1191,35.5973,83.57,48,93,14.79
111,Ca Mau,VN,2022-11-05 23:48:48,9.1769,105.15,73.56,98,100,0.96
112,Talnakh,RU,2022-11-05 23:48:48,69.4865,88.3972,24.21,96,100,10.4
113,Coquimbo,CL,2022-11-05 23:48:48,-29.9533,-71.3436,58.73,72,20,9.22
114,Tasiilaq,GL,2022-11-05 23:48:48,65.6145,-37.6368,32.16,92,100,4.25
115,Kenai,US,2022-11-05 23:48:49,60.5544,-151.2583,28.15,54,0,23.02
116,Port Hardy,CA,2022-11-05 23:45:27,50.6996,-127.4199,37.58,100,75,6.91
117,Miri,MY,2022-11-05 23:48:49,4.4148,114.0089,75.34,94,20,3.44
118,Caravelas,BR,2022-11-05 23:48:49,-17.7125,-39.2481,72.75,69,0,13.27
119,Georgetown,MY,2022-11-05 23:48:50,5.4112,100.3354,79.23,92,20,2.3
120,Omsukchan,RU,2022-11-05 23:48:50,62.5333,155.8,-2.72,98,90,2.73
121,Okha,RU,2022-11-05 23:48:50,53.5739,142.9478,27.77,67,100,18.07
122,Atuona,PF,2022-11-05 23:48:50,-9.8,-139.0333,77.72,74,26,15.41
123,Kulhudhuffushi,MV,2022-11-05 23:48:51,6.6221,73.07,80.55,69,100,0.11
124,Lavrentiya,RU,2022-11-05 23:48:51,65.5833,-171.0,28.69,80,100,24.0
125,Villarrica,PY,2022-11-05 23:48:51,-25.75,-56.4333,65.64,69,66,4.27
126,Egvekinot,RU,2022-11-05 23:48:52,66.3167,-179.1667,22.55,97,100,21.61
127,Sao Filipe,CV,2022-11-05 23:48:52,14.8961,-24.4956,79.3,67,100,5.03
128,Saint George,US,2022-11-05 23:44:17,37.1041,-113.5841,63.43,27,0,4.61
129,Kaitangata,NZ,2022-11-05 23:48:52,-46.2817,169.8464,58.44,48,55,4.09
130,Mutoko,ZW,2022-11-05 23:48:52,-17.397,32.2268,63.72,88,86,2.73
131,Korhogo,CI,2022-11-05 23:48:53,9.45,-5.6333,74.41,73,82,4.92
132,Sayyan,YE,2022-11-05 23:48:53,15.1718,44.3244,50.85,41,1,3.42
133,Trofors,NO,2022-11-05 23:48:53,65.5333,13.4063,42.67,99,100,3.18
134,Ulladulla,AU,2022-11-05 23:48:54,-35.35,150.4667,70.16,56,18,9.33
135,Kavaratti,IN,2022-11-05 23:48:54,10.5669,72.642,81.1,78,17,8.46
136,San Cristobal,VE,2022-11-05 23:48:54,7.7669,-72.225,73.58,99,100,2.33
137,Agucadoura,PT,2022-11-05 23:48:54,41.4318,-8.7804,62.91,75,49,6.64
138,Marevo,RU,2022-11-05 23:48:55,57.3146,32.0804,31.77,76,97,9.42
139,Avarua,CK,2022-11-05 23:48:55,-21.2078,-159.775,78.85,65,20,9.22
140,Chimore,BO,2022-11-05 23:48:55,-16.9833,-65.1333,70.54,52,0,3.83
141,Rawson,AR,2022-11-05 23:48:56,-43.3002,-65.1023,70.14,41,91,23.11
142,Clyde River,CA,2022-11-05 23:48:56,70.4692,-68.5914,7.03,66,0,17.27
143,Thompson,CA,2022-11-05 23:45:22,55.7435,-97.8558,28.56,93,100,6.91
144,Nador,MA,2022-11-05 23:47:32,35.174,-2.9287,59.25,82,20,1.14
145,Teguldet,RU,2022-11-05 23:48:56,57.3064,88.1667,24.6,95,100,4.45
146,Katherine,AU,2022-11-05 23:48:57,-14.4667,132.2667,86.32,62,8,3.44
147,Dingle,PH,2022-11-05 23:48:57,10.9995,122.6711,81.45,82,52,7.16
148,Esperance,AU,2022-11-05 23:48:57,-33.8667,121.9,61.09,64,4,13.42
149,Rohnert Park,US,2022-11-05 23:48:04,38.3396,-122.7011,62.28,93,100,5.75
150,Severodvinsk,RU,2022-11-05 23:48:57,64.5635,39.8302,32.11,91,68,8.93
151,Maniitsoq,GL,2022-11-05 23:48:58,65.4167,-52.9,27.41,72,100,10.67
152,Pisco,PE,2022-11-05 23:48:58,-13.7,-76.2167,64.45,77,0,13.8
153,Yulara,AU,2022-11-05 23:48:58,-25.2406,130.9889,83.64,14,4,15.43
154,Palmer,US,2022-11-05 23:48:59,42.1584,-72.3287,68.61,71,75,13.8
155,Vila Velha,BR,2022-11-05 23:48:59,-20.3297,-40.2925,69.94,82,40,10.36
156,Katyuzhanka,UA,2022-11-05 23:48:59,50.806,30.1376,37.58,87,100,10.67
157,Sinnar,SD,2022-11-05 23:49:00,13.5691,33.5672,80.78,23,2,15.9
158,Kemin,KG,2022-11-05 23:49:00,42.7846,75.6892,43.34,80,53,2.59
159,Aquin,HT,2022-11-05 23:49:00,18.2833,-73.4,76.1,81,22,3.67
160,Barkhan,PK,2022-11-05 23:49:00,29.8977,69.5256,63.16,47,80,7.05
161,Bethel,US,2022-11-05 23:49:01,41.3712,-73.414,68.36,80,76,1.01
162,Bellevue,US,2022-11-05 23:49:01,47.6104,-122.2007,51.12,70,20,11.5
163,Kununurra,AU,2022-11-05 23:49:01,-15.7667,128.7333,85.98,58,40,5.75
164,Inndyr,NO,2022-11-05 23:49:02,67.0338,14.0276,46.94,85,100,7.09
165,Severo-Kurilsk,RU,2022-11-05 23:49:02,50.6789,156.125,39.69,65,70,8.5
166,Aktash,RU,2022-11-05 23:49:02,50.3,87.7333,17.29,76,64,4.41
167,Chokurdakh,RU,2022-11-05 23:49:02,70.6333,147.9167,7.86,97,100,1.23
168,Raga,SS,2022-11-05 23:49:03,8.4596,25.678,78.73,41,80,0.38
169,Waipawa,NZ,2022-11-05 23:49:03,-41.4122,175.5153,56.52,58,31,8.05
170,Tessalit,ML,2022-11-05 23:49:03,20.1986,1.0114,73.54,17,0,9.57
171,Griffith,US,2022-11-05 23:49:04,41.5284,-87.4237,50.49,74,100,25.32
172,Yurgamysh,RU,2022-11-05 23:49:04,55.3714,64.4656,25.95,94,100,12.97
173,Sioux Lookout,CA,2022-11-05 23:49:04,50.1001,-91.917,28.47,86,20,2.3
174,Weiser,US,2022-11-05 23:49:05,44.251,-116.9693,52.0,56,100,1.99
175,Hilo,US,2022-11-05 23:49:05,19.7297,-155.09,82.13,74,40,9.22
176,High Level,CA,2022-11-05 23:45:08,58.5169,-117.136,10.51,72,40,6.91
177,Porto Novo,BJ,2022-11-05 23:49:05,6.4965,2.6036,78.62,88,80,5.57
178,Leningradskiy,RU,2022-11-05 23:49:05,69.3833,178.4167,15.76,87,100,20.76
179,Meulaboh,ID,2022-11-05 23:49:06,4.1363,96.1285,75.04,88,99,3.06
180,Mount Gambier,AU,2022-11-05 23:49:06,-37.8333,140.7667,71.17,43,40,6.02
181,Ayolas,PY,2022-11-05 23:49:07,-27.4,-56.9,66.0,56,26,6.51
182,Port Hedland,AU,2022-11-05 23:49:07,-20.3167,118.5667,80.65,69,5,14.97
183,Faya,SA,2022-11-05 23:49:07,18.3851,42.4509,59.52,84,21,4.09
184,Cedar City,US,2022-11-05 23:49:07,37.6775,-113.0619,52.77,47,0,8.05
185,Lagoa,PT,2022-11-05 23:49:08,39.05,-27.9833,63.88,73,48,12.48
186,Komsomolskiy,UZ,2022-11-05 23:49:08,40.4272,71.7189,47.12,87,66,4.61
187,Carnarvon,AU,2022-11-05 23:49:08,-24.8667,113.6333,68.27,67,0,17.2
188,Chingirlau,KZ,2022-11-05 23:49:09,51.095,54.0814,25.21,98,100,2.44
189,Banda Aceh,ID,2022-11-05 23:49:09,5.5577,95.3222,78.33,81,91,10.54
190,Asfi,MA,2022-11-05 23:49:09,32.2994,-9.2372,66.49,90,77,11.25
191,Padang,ID,2022-11-05 23:49:10,-0.9492,100.3543,73.45,81,99,2.51
192,Castro,BR,2022-11-05 23:49:10,-24.7911,-50.0119,52.36,87,86,8.93
193,Huilong,CN,2022-11-05 23:49:10,31.8111,121.655,54.93,56,96,6.87
194,Nome,US,2022-11-05 23:49:11,64.5011,-165.4064,23.07,75,75,6.91
195,Perelyub,RU,2022-11-05 23:49:11,51.8667,50.3667,32.95,96,100,6.04
196,Gold Coast,AU,2022-11-05 23:49:11,-28.0,153.4333,75.99,71,40,12.66
197,Iwanai,JP,2022-11-05 23:49:12,42.9744,140.5089,46.72,56,75,14.03
198,Kodinsk,RU,2022-11-05 23:49:12,58.6881,99.1844,21.69,98,100,2.66
199,Murgab,TM,2022-11-05 23:49:12,37.4966,61.9714,51.67,100,75,0.0
200,Faanui,PF,2022-11-05 23:49:12,-16.4833,-151.75,79.02,84,100,26.51
201,Los Llanos De Aridane,ES,2022-11-05 23:49:13,28.6585,-17.9182,65.95,87,40,6.91
202,Antofagasta,CL,2022-11-05 23:49:13,-23.65,-70.4,60.08,80,49,5.79
203,Superior,US,2022-11-05 23:49:13,46.7208,-92.1041,40.48,85,100,4.61
204,Nishihara,JP,2022-11-05 23:49:14,26.1842,127.7558,70.88,69,75,13.8
205,Dwarka,IN,2022-11-05 23:49:14,22.2394,68.9678,79.54,64,12,7.65
206,Dikson,RU,2022-11-05 23:49:14,73.5069,80.5464,19.51,95,100,8.52
207,Riberalta,BO,2022-11-05 23:49:14,-10.9833,-66.1,84.4,48,12,0.0
208,Codrington,AU,2022-11-05 23:49:15,-38.2667,141.9667,68.27,62,97,9.06
209,Provideniya,RU,2022-11-05 23:49:15,64.3833,-173.3,29.8,98,100,15.12
210,Nanortalik,GL,2022-11-05 23:49:15,60.1432,-45.2371,34.92,83,100,8.16
211,Terme,TR,2022-11-05 23:49:16,41.2092,36.9739,51.73,84,67,2.89
212,Ketchikan,US,2022-11-05 23:49:16,55.3422,-131.6461,37.71,83,88,4.36
213,Alekseyevsk,RU,2022-11-05 23:49:16,57.8406,108.3492,20.41,96,98,6.08
214,Isangel,VU,2022-11-05 23:49:17,-19.55,169.2667,86.11,70,19,3.44
215,Kieta,PG,2022-11-05 23:49:17,-6.2167,155.6333,84.34,72,99,7.18
216,Batticaloa,LK,2022-11-05 23:49:17,7.7102,81.6924,78.42,82,72,5.03
217,Buchanan,LR,2022-11-05 23:49:18,5.8808,-10.0467,77.43,87,55,4.21
218,Aklavik,CA,2022-11-05 23:49:18,68.2191,-135.0107,8.04,80,79,16.46
219,Naryan-Mar,RU,2022-11-05 23:49:18,67.6713,53.087,31.71,92,87,7.54
220,Caruray,PH,2022-11-05 23:49:18,10.3094,119.0128,83.14,76,69,4.76
221,Half Moon Bay,US,2022-11-05 23:47:20,37.4636,-122.4286,66.02,82,100,4.61
222,Pacific Grove,US,2022-11-05 23:49:19,36.6177,-121.9166,64.42,80,75,6.91
223,Luderitz,NA,2022-11-05 23:49:19,-26.6481,15.1594,60.49,85,51,2.15
224,Shingu,JP,2022-11-05 23:49:19,33.7333,135.9833,60.71,56,61,3.0
225,Tripoli,LY,2022-11-05 23:49:20,32.8752,13.1875,69.04,52,42,23.8
226,Albion,US,2022-11-05 23:49:20,42.2431,-84.753,64.35,48,40,21.85
227,Lichinga,MZ,2022-11-05 23:49:20,-13.3128,35.2406,66.29,55,0,9.22
228,Mountain Home,US,2022-11-05 23:48:50,43.133,-115.6912,42.28,52,40,17.27
229,Ucluelet,CA,2022-11-05 23:47:25,48.9329,-125.5528,46.09,83,27,1.01
230,Narsaq,GL,2022-11-05 23:49:21,60.9167,-46.05,32.22,89,100,4.56
231,Norman Wells,CA,2022-11-05 23:49:21,65.282,-126.8329,6.84,66,75,14.97
232,Tyret Pervaya,RU,2022-11-05 23:49:21,53.6703,102.3106,22.71,97,48,3.6
233,Kismayo,SO,2022-11-05 23:49:22,-0.3582,42.5454,77.68,82,46,8.88
234,Paracuru,BR,2022-11-05 23:49:22,-3.41,-39.0306,81.1,82,99,11.52
235,Victoria,HK,2022-11-05 23:45:28,22.2855,114.1577,68.25,93,94,1.99
236,Husavik,IS,2022-11-05 23:49:22,66.0449,-17.3389,36.43,90,98,6.51
237,Guerrero Negro,MX,2022-11-05 23:49:23,27.9769,-114.0611,69.04,46,0,12.68
238,Basco,PH,2022-11-05 23:49:23,20.4487,121.9702,78.67,83,17,17.58
239,Bismarck,US,2022-11-05 23:48:54,46.8083,-100.7837,44.44,64,20,14.97
240,Sao Felix Do Xingu,BR,2022-11-05 23:49:23,-6.6447,-51.995,72.82,96,77,0.69
241,Dongsheng,CN,2022-11-05 23:49:24,39.8161,109.9776,36.64,71,65,12.21
242,Marechal Candido Rondon,BR,2022-11-05 23:49:24,-24.5561,-54.0567,64.74,65,82,2.59
243,Simao,CN,2022-11-05 23:49:24,22.7886,100.9748,54.23,82,4,1.32
244,Isabela,PH,2022-11-05 23:49:25,6.7085,121.9711,78.85,85,100,5.06
245,Salalah,OM,2022-11-05 23:44:59,17.0151,54.0924,78.89,83,20,3.44
246,Norden,DE,2022-11-05 23:49:25,53.6,7.2,49.98,94,100,1.99
247,Dillon,US,2022-11-05 23:49:25,34.4166,-79.3712,75.45,77,82,8.34
248,Akureyri,IS,2022-11-05 23:49:25,65.6835,-18.0878,33.73,80,75,3.44
249,Burns Lake,CA,2022-11-05 23:45:06,54.2331,-125.7533,18.82,78,100,6.24
250,Ussuriysk,RU,2022-11-05 23:49:26,43.7986,131.9508,30.02,50,4,2.19
251,Mokhsogollokh,RU,2022-11-05 23:49:26,61.4681,128.9203,8.64,96,100,4.54
252,Vardo,NO,2022-11-05 23:49:26,70.3705,31.1107,42.78,75,100,13.8
253,Bertoua,CM,2022-11-05 23:49:27,4.5833,13.6833,65.25,84,68,3.09
254,Bandarbeyla,SO,2022-11-05 23:49:27,9.4942,50.8122,77.49,74,3,6.38
255,Balao,EC,2022-11-05 23:49:27,-2.9167,-79.8167,71.56,81,46,8.01
256,Iqaluit,CA,2022-11-05 23:49:27,63.7506,-68.5145,17.33,73,75,0.0
257,Montrose,US,2022-11-05 23:47:29,38.4166,-108.2673,38.61,73,72,4.72
258,Churapcha,RU,2022-11-05 23:49:28,62.0025,132.4325,4.95,97,100,4.83
259,Espinosa,BR,2022-11-05 23:49:28,-14.9261,-42.8192,70.07,72,88,4.07
260,Mar Del Plata,AR,2022-11-05 23:49:28,-38.0023,-57.5575,63.09,86,0,19.57
261,Maceio,BR,2022-11-05 23:46:24,-9.6658,-35.7353,74.64,94,75,2.3
262,Wattegama,LK,2022-11-05 23:49:29,6.7989,81.4808,72.46,92,99,3.42
263,Molochnoye,RU,2022-11-05 23:49:29,59.2917,39.6787,30.47,84,87,4.03
264,Beidao,CN,2022-11-05 23:49:29,34.5686,105.8933,51.93,74,84,2.46
265,Tukrah,LY,2022-11-05 23:49:30,32.5341,20.5791,67.32,52,2,11.5
266,Elbrus,RU,2022-11-05 23:49:30,43.2577,42.6443,22.59,64,26,3.89
267,Chernogorsk,RU,2022-11-05 23:49:30,53.8236,91.2842,27.54,100,40,2.24
268,Prince Rupert,CA,2022-11-05 23:49:31,54.3161,-130.3201,38.89,85,0,23.02
269,Karpathos,GR,2022-11-05 23:49:31,35.507,27.2132,67.96,77,0,12.66
270,Sampit,ID,2022-11-05 23:49:31,-2.5333,112.95,77.61,92,100,1.41
271,Ngunguru,NZ,2022-11-05 23:49:31,-35.6167,174.5,63.88,68,100,13.91
272,Saint Anthony,US,2022-11-05 23:49:32,45.0205,-93.218,42.69,88,100,8.05
273,Awjilah,LY,2022-11-05 23:49:32,29.1081,21.2869,67.89,36,14,10.98
274,Tambacounda,SN,2022-11-05 23:49:32,13.7539,-13.7586,81.64,17,100,2.64
275,Trairi,BR,2022-11-05 23:48:53,-3.2778,-39.2689,79.05,81,93,10.07
276,Spring Valley,US,2022-11-05 23:45:43,36.108,-115.245,65.32,25,75,5.01
277,Hasaki,JP,2022-11-05 23:49:33,35.7333,140.8333,55.29,57,99,14.61
278,Flin Flon,CA,2022-11-05 23:49:33,54.7682,-101.865,28.24,93,100,14.97
279,Bengkulu,ID,2022-11-05 23:49:34,-3.8004,102.2655,75.16,86,100,3.15
280,San Quintin,MX,2022-11-05 23:49:34,30.4833,-115.95,65.95,57,3,11.68
281,Pringsewu,ID,2022-11-05 23:49:34,-5.3582,104.9744,75.18,93,100,4.07
282,Trat,TH,2022-11-05 23:49:35,12.5,102.5,78.87,93,96,4.43
283,San Andres,CO,2022-11-05 23:49:35,12.5847,-81.7006,80.62,89,40,2.3
284,Glencoe,ZA,2022-11-05 23:49:35,-28.1783,30.147,55.4,92,26,1.9
285,Richards Bay,ZA,2022-11-05 23:49:35,-28.783,32.0377,69.85,86,48,12.1
286,Port Elizabeth,ZA,2022-11-05 23:49:36,-33.918,25.5701,66.09,94,0,3.44
287,Nagato,JP,2022-11-05 23:49:36,34.3833,131.2,60.04,62,46,6.11
288,West Bay,KY,2022-11-05 23:49:36,19.3667,-81.4167,82.47,73,20,5.75
289,San Vicente,AR,2022-11-05 23:49:37,-26.6167,-54.1333,60.4,74,77,2.26
290,Gizo,SB,2022-11-05 23:49:37,-8.103,156.8419,84.07,70,76,2.13
291,Geraldton,AU,2022-11-05 23:47:33,-28.7667,114.6,68.41,64,0,11.5
292,Lata,PT,2022-11-05 23:49:37,40.1629,-8.3327,46.08,77,7,1.41
293,Vila,PT,2022-11-05 23:49:37,42.0304,-8.1588,45.48,70,87,4.85
294,Shubarshi,KZ,2022-11-05 23:49:38,48.5872,57.1869,31.64,86,100,6.24
295,Mananjary,MG,2022-11-05 23:49:38,-21.2167,48.3333,71.19,90,63,6.64
296,Cabo San Lucas,MX,2022-11-05 23:49:38,22.8909,-109.9124,79.61,61,2,5.08
297,Baker City,US,2022-11-05 23:47:36,44.7749,-117.8344,40.71,58,20,13.8
298,Ojinaga,MX,2022-11-05 23:49:39,29.5667,-104.4167,70.75,24,0,0.0
299,Estrela,BR,2022-11-05 23:49:39,-28.0611,-50.9383,53.26,77,65,6.13
300,Hearst,CA,2022-11-05 23:45:21,49.6835,-83.6665,32.25,98,100,12.08
301,Tashla,RU,2022-11-05 23:49:39,51.7716,52.7427,30.15,95,100,4.59
302,Paraiso,CR,2022-11-05 23:49:40,9.8383,-83.8656,63.46,97,100,2.95
303,Saint-Pierre,RE,2022-11-05 23:49:40,-21.3393,55.4781,71.28,64,0,5.75
304,Pangnirtung,CA,2022-11-05 23:49:40,66.1451,-65.7125,8.46,86,34,7.83
305,Papetoai,PF,2022-11-05 23:49:41,-17.4961,-149.8729,74.79,95,100,31.74
306,Seymchan,RU,2022-11-05 23:49:41,62.8833,152.4333,-8.01,98,91,0.49
307,Atar,MR,2022-11-05 23:49:41,20.5169,-13.0499,75.2,13,0,4.99
308,Svetlogorsk,BY,2022-11-05 23:49:41,52.6333,29.7333,33.75,79,100,11.14
309,Zhoucheng,CN,2022-11-05 23:49:42,35.9122,116.3117,51.06,46,96,9.42
310,Wenatchee,US,2022-11-05 23:49:42,47.4235,-120.3103,48.58,66,100,7.0
311,Kargasok,RU,2022-11-05 23:49:42,59.0556,80.8572,24.49,91,67,9.22
312,Skopin,RU,2022-11-05 23:49:42,53.8249,39.5505,34.14,74,100,1.74
313,Ribeira Grande,PT,2022-11-05 23:49:43,38.5167,-28.7,59.77,80,86,5.01
314,Hanzhong,CN,2022-11-05 23:49:43,33.0728,107.0303,51.03,92,5,1.01
315,Sabang,ID,2022-11-05 23:49:43,5.8933,95.3214,81.03,75,98,15.57
316,Bilma,NE,2022-11-05 23:49:44,18.6853,12.9164,70.3,20,82,5.79
317,Arys,KZ,2022-11-05 23:49:44,42.4252,68.795,46.53,66,99,4.45
318,Lashio,MM,2022-11-05 23:49:44,22.9333,97.75,56.75,99,13,0.89
319,Marsh Harbour,BS,2022-11-05 23:49:44,26.5412,-77.0636,79.68,72,1,22.7
320,Liwale,TZ,2022-11-05 23:49:45,-9.7667,37.9333,66.22,94,24,5.01
321,Harper,LR,2022-11-05 23:49:45,4.375,-7.7169,77.67,86,75,6.22
322,Anito,PH,2022-11-05 23:49:45,12.4497,125.2886,81.01,88,97,10.11
323,Vila Franca Do Campo,PT,2022-11-05 23:49:46,37.7167,-25.4333,61.21,78,99,4.36
324,Ribeira Brava,PT,2022-11-05 23:49:46,32.65,-17.0667,68.72,88,43,3.74
325,Tanete,ID,2022-11-05 23:49:46,-3.9443,119.7848,79.11,86,100,2.48
326,Manali,IN,2022-11-05 23:49:46,13.1667,80.2667,78.89,80,59,11.32
327,Muyezerskiy,RU,2022-11-05 23:49:47,63.9333,31.65,28.65,86,56,8.05
328,Umba,RU,2022-11-05 23:49:47,66.6871,34.3429,34.07,89,87,11.48
329,Hami,CN,2022-11-05 23:49:47,42.8,93.45,42.3,33,100,1.72
330,Miami Lakes,US,2022-11-05 23:49:47,25.9087,-80.3087,81.0,76,0,5.75
331,Berlevag,NO,2022-11-05 23:49:48,70.8578,29.0864,39.2,81,100,21.85
332,Nouadhibou,MR,2022-11-05 23:49:48,20.931,-17.0347,71.58,68,0,12.66
333,Middelburg,ZA,2022-11-05 23:49:48,-25.7751,29.4648,64.67,61,74,6.33
334,Tabas,IR,2022-11-05 23:49:49,33.5959,56.9244,53.82,50,1,2.3
335,Nemuro,JP,2022-11-05 23:49:49,43.3236,145.575,44.83,64,34,19.57
336,Cherskiy,RU,2022-11-05 23:49:49,68.75,161.3,18.3,96,100,5.32
337,Benghazi,LY,2022-11-05 23:49:49,32.1167,20.0667,69.84,66,1,16.08
338,Saint-Augustin,CA,2022-11-05 23:49:50,51.226,-58.6502,45.75,56,100,10.22
339,Touros,BR,2022-11-05 23:49:50,-5.1989,-35.4608,78.15,79,95,11.27
340,Cayenne,GF,2022-11-05 23:49:50,4.9333,-52.3333,77.04,94,0,1.14
341,Hambantota,LK,2022-11-05 23:49:51,6.1241,81.1185,76.42,85,100,3.47
342,Gualeguay,AR,2022-11-05 23:49:51,-33.1416,-59.3097,65.07,51,6,9.22
343,Guerrero,MX,2022-11-05 23:49:51,17.6667,-100.0,69.33,93,9,1.19
344,Flagstaff,US,2022-11-05 23:49:51,35.1981,-111.6513,58.32,31,0,10.36
345,Cascais,PT,2022-11-05 23:48:12,38.6979,-9.4215,58.93,96,9,14.0
346,Hubli,IN,2022-11-05 23:49:52,15.35,75.1667,70.07,78,45,7.11
347,Luena,AO,2022-11-05 23:49:52,-11.7833,19.9167,63.05,99,100,3.15
348,Montepuez,MZ,2022-11-05 23:49:52,-13.1256,38.9997,70.0,84,21,7.23
349,Porto Santo,PT,2022-11-05 23:49:53,33.072,-16.3415,68.38,77,75,8.05
350,Muros,ES,2022-11-05 23:49:53,42.7762,-9.0603,58.08,91,100,17.63
351,Petropavlovsk-Kamchatskiy,RU,2022-11-05 23:49:53,53.0452,158.6483,30.79,100,75,0.0
352,Arman,RU,2022-11-05 23:49:53,59.7,150.1667,25.02,95,100,2.04
353,Jitauna,BR,2022-11-05 23:49:54,-14.0189,-39.8889,69.78,86,100,2.06
354,Araouane,ML,2022-11-05 23:49:54,18.9048,-3.5265,77.09,19,0,7.36
355,Sinaloa,MX,2022-11-05 23:49:54,25.0,-107.5,71.47,53,0,4.05
356,Lompoc,US,2022-11-05 23:49:55,34.6391,-120.4579,70.79,76,0,21.85
357,Dong Hoi,VN,2022-11-05 23:49:55,17.4833,106.6,70.38,87,62,8.19
358,Aquiraz,BR,2022-11-05 23:49:55,-3.9014,-38.3911,81.18,83,61,12.44
359,Udachnyy,RU,2022-11-05 23:49:56,66.4167,112.4,-14.49,100,100,2.53
360,Severo-Yeniseyskiy,RU,2022-11-05 23:49:56,60.3725,93.0408,19.81,92,99,3.49
361,Casablanca,MA,2022-11-05 23:46:26,33.5928,-7.6192,68.32,82,2,4.0
362,Vestmanna,FO,2022-11-05 23:49:56,62.1564,-7.1664,38.32,87,75,2.3
363,Tigil,RU,2022-11-05 23:49:56,57.8,158.6667,32.04,97,97,15.19
364,Byron Bay,AU,2022-11-05 23:49:57,-28.65,153.6167,67.71,57,16,7.94
365,Dunedin,NZ,2022-11-05 23:49:57,-45.8742,170.5036,55.29,58,7,7.54
366,Cibitung,ID,2022-11-05 23:49:57,-7.119,107.1309,67.66,93,100,2.46
367,Winnemucca,US,2022-11-05 23:49:27,40.973,-117.7357,48.25,81,100,11.5
368,Changchun,CN,2022-11-05 23:49:58,43.88,125.3228,30.16,45,20,6.64
369,Bathsheba,BB,2022-11-05 23:49:58,13.2167,-59.5167,79.41,83,75,19.57
370,Katete,UG,2022-11-05 23:49:58,-0.7818,29.7544,60.6,98,100,2.04
371,Tiksi,RU,2022-11-05 23:49:59,71.6872,128.8694,0.57,97,100,6.51
372,Klaksvik,FO,2022-11-05 23:49:59,62.2266,-6.589,40.12,70,77,11.41
373,Camana,PE,2022-11-05 23:49:59,-16.6228,-72.7111,64.17,79,55,7.36
374,Solwezi,ZM,2022-11-05 23:49:59,-12.1688,26.3894,61.12,98,100,3.42
375,Acapulco,MX,2022-11-05 23:50:00,16.8634,-99.8901,80.85,80,33,8.19
376,Montlucon,FR,2022-11-05 23:50:00,46.3333,2.6,39.7,96,47,1.01
377,Rees,DE,2022-11-05 23:50:00,51.7667,6.4,49.37,73,91,16.42
378,Saint-Philippe,RE,2022-11-05 23:50:01,-21.3585,55.7679,71.19,81,14,6.87
379,Viedma,AR,2022-11-05 23:50:01,-40.8135,-62.9967,66.63,54,100,19.01
380,Pangkalanbuun,ID,2022-11-05 23:50:01,-2.6833,111.6167,75.36,96,97,2.62
381,Kaeo,NZ,2022-11-05 23:50:01,-35.1,173.7833,65.41,60,100,8.05
382,Turukhansk,RU,2022-11-05 23:50:02,65.8167,87.9833,20.75,96,100,6.49
383,Smolenskoye,RU,2022-11-05 23:50:02,52.3044,85.0781,40.46,85,96,6.38
384,Kemijarvi,FI,2022-11-05 23:50:03,66.7131,27.4306,33.04,90,100,7.65
385,Beloha,MG,2022-11-05 23:50:03,-25.1667,45.05,73.09,74,100,1.77
386,Svetlaya,RU,2022-11-05 23:50:03,46.5389,138.3297,32.16,32,0,6.64
387,Merauke,ID,2022-11-05 23:50:04,-8.4667,140.3333,83.95,71,100,8.46
388,Ishikawa,JP,2022-11-05 23:50:04,26.4233,127.8214,71.56,69,75,10.36
389,Mbandaka,CD,2022-11-05 23:50:04,0.0487,18.2603,70.45,98,99,2.66
390,Dzhebariki-Khaya,RU,2022-11-05 23:50:05,62.2167,135.8,-1.01,98,99,2.71
391,San Rafael,AR,2022-11-05 23:50:05,-34.6177,-68.3301,77.31,20,90,9.4
392,Alofi,NU,2022-11-05 23:50:05,-19.0595,-169.9187,80.49,65,3,13.8
393,Takoradi,GH,2022-11-05 23:50:05,4.8845,-1.7554,78.19,85,64,6.2
394,Dharangaon,IN,2022-11-05 23:50:06,21.0167,75.2667,69.98,50,3,3.09
395,Vanimo,PG,2022-11-05 23:50:06,-2.6741,141.3028,85.01,69,73,3.76
396,Alice Town,BS,2022-11-05 23:50:07,25.7167,-79.3,79.68,72,2,13.89
397,Santo Tomas,PH,2022-11-05 23:50:07,14.1079,121.1414,79.48,80,69,6.35
398,Batagay-Alyta,RU,2022-11-05 23:50:07,67.8006,130.4114,-6.0,97,100,3.04
399,Baykit,RU,2022-11-05 23:50:08,61.67,96.37,11.93,99,99,0.09
400,Tautira,PF,2022-11-05 23:50:08,-17.7333,-149.15,73.51,95,100,30.06
401,Turbat,PK,2022-11-05 23:50:08,26.0023,63.044,73.36,78,100,2.1
402,Liaocheng,CN,2022-11-05 23:50:08,36.4439,115.9647,52.09,43,99,11.92
403,Port Macquarie,AU,2022-11-05 23:50:09,-31.4333,152.9167,72.9,62,17,6.29
404,Inuvik,CA,2022-11-05 23:50:09,68.3499,-133.7218,5.86,85,75,6.91
405,Ouegoa,NC,2022-11-05 23:50:10,-20.35,164.4333,83.48,68,22,9.44
406,Hobyo,SO,2022-11-05 23:50:10,5.3505,48.5268,79.57,72,11,7.7
407,Pauini,BR,2022-11-05 23:50:10,-7.7136,-66.9764,75.52,40,29,1.54
408,Karratha,AU,2022-11-05 23:50:10,-20.7377,116.8463,77.36,37,19,14.07
409,Palmerston,AU,2022-11-05 23:50:11,-12.486,130.9833,89.89,74,20,3.44
410,Buraydah,SA,2022-11-05 23:50:11,26.326,43.975,70.25,49,7,2.82
411,Eskisehir,TR,2022-11-05 23:50:11,39.7767,30.5206,51.66,42,3,6.08
412,Khandyga,RU,2022-11-05 23:48:51,62.6667,135.6,-2.65,98,99,2.89
413,Taybad,IR,2022-11-05 23:50:12,34.74,60.7756,55.8,51,47,3.91
414,Khuzdar,PK,2022-11-05 23:50:12,27.7384,66.6434,64.44,29,100,4.03
415,Zabol,AF,2022-11-05 23:50:12,32.25,67.25,47.98,56,95,1.52
416,Chara,RU,2022-11-05 23:50:13,56.9064,118.2631,11.05,74,32,3.2
417,Hay River,CA,2022-11-05 23:50:13,60.8156,-115.7999,6.78,78,100,12.66
418,Volterra,IT,2022-11-05 23:50:13,43.4003,10.86,54.5,77,0,2.98
419,Krutinka,RU,2022-11-05 23:50:14,56.0055,71.5113,27.79,95,100,19.95
420,Toledo,ES,2022-11-05 23:50:14,39.8333,-4.0,51.31,41,4,2.33
421,Gisborne,NZ,2022-11-05 23:50:14,-38.6533,178.0042,58.01,62,54,6.85
422,Camopi,GF,2022-11-05 23:50:15,3.1655,-52.3158,71.98,99,69,2.95
423,Labuhan,ID,2022-11-05 23:50:15,-6.8844,112.2051,80.46,81,100,8.61
424,Nabire,ID,2022-11-05 23:50:15,-3.3667,135.4833,76.01,93,100,2.24
425,Khipro,PK,2022-11-05 23:50:16,25.8285,69.3772,75.02,43,99,9.48
426,Zaprudnya,RU,2022-11-05 23:50:16,56.5667,37.4333,25.25,96,60,4.05
427,Verkhnyaya Inta,RU,2022-11-05 23:50:16,65.9811,60.3094,23.67,96,100,16.89
428,Dortyol,TR,2022-11-05 23:50:17,36.8616,36.2289,66.22,48,0,4.21
429,Gallup,US,2022-11-05 23:50:17,35.5281,-108.7426,52.56,48,0,12.66
430,Baruun-Urt,MN,2022-11-05 23:50:18,46.6806,113.2792,25.32,46,99,3.74
431,George Town,MY,2022-11-05 23:48:50,5.4112,100.3354,79.23,92,20,2.3
432,Saint-Leu,RE,2022-11-05 23:50:18,-21.15,55.2833,72.43,79,21,2.93
433,Alice Springs,AU,2022-11-05 23:47:31,-23.7,133.8833,81.95,13,0,8.05
434,Naze,JP,2022-11-05 23:50:18,28.3667,129.4833,65.32,61,4,12.26
435,Cravo Norte,CO,2022-11-05 23:50:19,6.3017,-70.2041,78.15,72,100,4.03
436,Buin,CL,2022-11-05 23:50:19,-33.7333,-70.75,74.43,52,100,4.32
437,Tura,IN,2022-11-05 23:50:19,25.5198,90.2201,64.54,84,0,3.09
438,Eureka,US,2022-11-05 23:45:23,40.8021,-124.1637,57.2,90,99,8.01
439,Nacala,MZ,2022-11-05 23:50:20,-14.5428,40.6728,75.16,85,12,7.4
440,Kalyny,UA,2022-11-05 23:50:20,48.1408,23.8738,55.87,78,100,2.86
441,Nanchang,CN,2022-11-05 23:50:20,28.6833,115.8833,60.49,54,100,2.1
442,Laela,TZ,2022-11-05 23:50:21,-8.5667,32.05,66.29,58,97,1.7
443,Gamba,GA,2022-11-05 23:50:21,-2.65,10.0,76.51,91,94,5.55
444,Monrovia,LR,2022-11-05 23:50:21,6.3005,-10.7969,77.77,86,58,6.58
445,Mbeya,TZ,2022-11-05 23:50:22,-8.9,33.45,60.89,67,50,3.98
446,Mahajanga,MG,2022-11-05 23:50:22,-15.7167,46.3167,71.62,100,20,2.3
447,Ray,IN,2022-11-05 23:50:22,23.6833,85.05,65.17,76,0,1.14
448,Itarema,BR,2022-11-05 23:50:22,-2.9248,-39.9167,78.89,82,100,11.21
449,Sapa,PH,2022-11-05 23:50:23,5.1544,120.3241,82.06,79,93,2.55
450,Lucapa,AO,2022-11-05 23:50:23,-8.4192,20.7447,65.34,97,100,1.63
451,Truth Or Consequences,US,2022-11-05 23:50:23,33.1284,-107.2528,66.9,25,0,10.36
452,Lyuban,BY,2022-11-05 23:50:24,52.7985,28.0048,39.83,84,100,14.27
453,Daru,PG,2022-11-05 23:50:24,-9.0763,143.2092,83.01,79,89,12.75
454,Necochea,AR,2022-11-05 23:50:24,-38.5473,-58.7368,64.06,53,62,16.44
455,Coahuayana,MX,2022-11-05 23:50:25,18.7333,-103.6833,79.41,85,46,3.67
456,Mbumi,TZ,2022-11-05 23:50:25,-7.9058,39.2105,71.47,93,41,2.51
457,Madang,PG,2022-11-05 23:50:25,-5.2246,145.7966,86.86,62,80,0.94
458,Port Blair,IN,2022-11-05 23:50:26,11.6667,92.75,79.09,72,44,8.39
459,Herat,AF,2022-11-05 23:50:26,34.5,62.0,53.06,61,77,2.93
460,Erzin,TR,2022-11-05 23:50:26,36.9559,36.2,63.82,50,0,3.85
461,Saint-Denis,FR,2022-11-05 23:48:13,48.9167,2.3333,51.96,84,100,10.36
462,Burley,US,2022-11-05 23:50:27,42.5357,-113.7928,40.96,66,100,19.57
463,Mount Isa,AU,2022-11-05 23:50:27,-20.7333,139.5,85.77,35,40,12.66
464,Coolum Beach,AU,2022-11-05 23:50:27,-26.5333,153.1,74.1,70,50,10.76
465,Ternate,ID,2022-11-05 23:50:28,0.8,127.4,82.69,75,100,3.09
466,Mehamn,NO,2022-11-05 23:50:28,71.0357,27.8492,39.15,81,100,10.36
467,Qui Nhon,VN,2022-11-05 23:50:28,13.7667,109.2333,74.35,89,69,9.89
468,Oksfjord,NO,2022-11-05 23:50:28,70.2396,22.3479,41.18,91,100,2.57
469,Xichang,CN,2022-11-05 23:50:29,27.8964,102.2634,50.11,91,5,0.96
470,Selma,US,2022-11-05 23:50:29,36.5708,-119.6121,66.9,50,100,3.44
471,Dubbo,AU,2022-11-05 23:47:18,-32.25,148.6167,69.93,52,100,8.05
472,Marawi,PH,2022-11-05 23:50:29,7.9986,124.2928,74.79,84,97,0.63
473,Goderich,CA,2022-11-05 23:50:30,43.7501,-81.7165,71.92,53,100,21.85
474,Gushi,CN,2022-11-05 23:50:30,34.6425,109.5843,53.26,72,20,3.29
475,North Bend,US,2022-11-05 23:50:30,43.4065,-124.2243,53.85,84,100,8.05
476,Basey,PH,2022-11-05 23:50:30,11.2817,125.0683,78.94,88,66,2.24
477,Tuatapere,NZ,2022-11-05 23:50:31,-46.1333,167.6833,56.46,53,20,7.36
478,Guangyuan,CN,2022-11-05 23:50:31,32.442,105.823,58.19,91,100,1.99
479,Gejiu,CN,2022-11-05 23:50:31,23.306,103.1635,45.99,88,5,1.66
480,Broome,US,2022-11-05 23:50:32,42.2506,-75.833,70.86,72,75,14.97
481,Vilhena,BR,2022-11-05 23:50:32,-12.7406,-60.1458,77.22,50,0,8.05
482,Camacha,PT,2022-11-05 23:50:32,33.0833,-16.3333,65.62,77,75,8.05
483,Maltahohe,NA,2022-11-05 23:50:32,-24.8333,16.9833,63.99,39,13,6.98
484,Mahebourg,MU,2022-11-05 23:50:33,-20.4081,57.7,71.26,88,40,13.8
485,Shelburne,CA,2022-11-05 23:46:56,44.0787,-80.2041,70.25,64,100,24.0
486,Henties Bay,NA,2022-11-05 23:50:33,-22.116,14.2845,63.23,80,98,7.29
487,Shepsi,RU,2022-11-05 23:50:33,44.0361,39.1489,49.06,74,0,11.3
488,Oussouye,SN,2022-11-05 23:50:34,12.485,-16.5469,78.66,53,100,4.59
489,Ixtapa,MX,2022-11-05 23:50:34,20.7,-105.2,75.2,85,3,2.26
490,Colares,PT,2022-11-05 23:50:34,38.7992,-9.4469,58.75,93,12,14.0
491,Janow Lubelski,PL,2022-11-05 23:50:34,50.707,22.4104,47.5,96,100,6.6
492,Biltine,TD,2022-11-05 23:50:35,14.5333,20.9167,76.21,21,91,6.31
493,Kuytun,RU,2022-11-05 23:50:35,54.3419,101.5036,21.49,98,69,3.2
494,Newport,GB,2022-11-05 23:50:35,51.5877,-2.9984,51.62,90,6,6.78
495,Zhezkazgan,KZ,2022-11-05 23:50:36,47.8043,67.7144,30.72,76,100,3.0
496,Le Port,RE,2022-11-05 23:50:36,-20.9373,55.2919,73.36,80,13,4.05
497,Taksimo,RU,2022-11-05 23:50:36,56.3444,114.8794,13.57,85,75,2.71
498,Saint-Paul,RE,2022-11-05 23:49:59,-21.0096,55.2707,73.49,80,9,1.59
499,Baherden,TM,2022-11-05 23:50:36,38.4362,57.4316,57.45,65,100,2.71
500,Pokosnoye,RU,2022-11-05 23:50:37,55.5258,101.0536,23.34,99,88,2.93
501,Ko Samui,TH,2022-11-05 23:50:37,9.5357,99.9357,78.71,89,75,2.3
502,Sikonge,TZ,2022-11-05 23:50:37,-5.6333,32.7667,71.19,66,99,1.86
503,Makasar,ID,2022-11-05 23:50:38,-5.14,119.4221,77.05,94,20,3.44
504,San Alberto,CO,2022-11-05 23:50:38,7.7611,-73.3922,75.0,95,100,2.53
505,Rosa Zarate,EC,2022-11-05 23:50:38,0.3333,-79.4667,74.64,76,59,6.51
506,La Romana,DO,2022-11-05 23:50:39,18.4273,-68.9728,75.56,94,40,6.91
507,Tarko-Sale,RU,2022-11-05 23:50:39,64.9225,77.785,24.08,98,100,3.78
508,Tabuk,PH,2022-11-05 23:50:39,17.4189,121.4443,76.64,87,43,0.78
509,Chesterton,US,2022-11-05 23:50:40,41.6106,-87.0642,50.58,74,100,27.63
510,Rio Grande,BR,2022-11-05 23:50:40,-32.035,-52.0986,62.71,82,1,12.88
511,Lamu,KE,2022-11-05 23:50:40,-2.2717,40.902,79.02,88,55,7.72
512,Zhangjiakou,CN,2022-11-05 23:50:41,40.81,114.8794,41.38,32,100,1.34
513,Griffin,US,2022-11-05 23:50:22,33.2468,-84.2641,72.27,87,100,0.0
514,Catuday,PH,2022-11-05 23:50:41,16.2923,119.8062,79.47,78,11,10.4
515,Valentin Gomez Farias,MX,2022-11-05 23:50:41,28.2167,-106.5833,67.59,23,0,4.92
516,Ankazoabo,MG,2022-11-05 23:50:42,-22.2833,44.5167,72.9,78,88,1.48
517,Constitucion,CL,2022-11-05 23:50:42,-35.3333,-72.4167,52.11,86,42,10.89
518,Gat,IL,2022-11-05 23:50:42,31.61,34.7642,67.41,76,0,3.11
519,Manggar,ID,2022-11-05 23:50:42,-2.8833,108.2667,78.71,85,100,4.72
520,Porbandar,IN,2022-11-05 23:50:43,21.6422,69.6093,78.89,54,33,6.93
521,Olinda,BR,2022-11-05 23:50:43,-8.0089,-34.8553,80.33,74,40,8.05
522,Coronado,US,2022-11-05 23:50:43,32.6859,-117.1831,74.77,48,40,9.22
523,Qianan,CN,2022-11-05 23:50:44,44.9932,124.0581,32.34,45,38,6.53
524,Brcko,BA,2022-11-05 23:50:44,44.8728,18.8083,49.77,94,100,4.92
525,Warrington,GB,2022-11-05 23:50:44,53.3925,-2.5802,48.31,94,20,5.75
526,Makakilo City,US,2022-11-05 23:50:44,21.3469,-158.0858,83.95,57,75,14.97
527,Verkhoyansk,RU,2022-11-05 23:50:45,67.5447,133.385,-12.66,98,97,3.18
528,Ranong,TH,2022-11-05 23:50:45,9.9658,98.6348,75.13,96,100,6.53
529,Lieksa,FI,2022-11-05 23:50:45,63.3167,30.0167,32.18,82,74,10.83
530,Gigmoto,PH,2022-11-05 23:50:46,13.7796,124.39,82.2,84,98,8.75
531,Santa Ana Arriba,DO,2022-11-05 23:50:46,19.3,-70.35,79.65,91,76,1.32
532,Acari,PE,2022-11-05 23:50:46,-15.4311,-74.6158,67.05,73,4,4.18
533,Khani,GE,2022-11-05 23:50:46,41.9563,42.9566,44.17,95,98,1.59
534,Lyubim,RU,2022-11-05 23:50:47,58.3625,40.6843,26.92,95,19,3.15
535,Akdepe,TM,2022-11-05 23:50:47,42.0551,59.3788,44.69,55,100,10.74
536,Praia Da Vitoria,PT,2022-11-05 23:50:47,38.7333,-27.0667,61.75,88,20,8.9
537,Agirish,RU,2022-11-05 23:50:48,61.9247,63.0231,12.36,95,69,4.5
538,Storforshei,NO,2022-11-05 23:50:48,66.4043,14.5233,44.65,81,100,8.05
539,Hirado,JP,2022-11-05 23:50:48,33.3597,129.5531,60.39,48,59,10.65
540,Inhambane,MZ,2022-11-05 23:50:49,-23.865,35.3833,74.95,90,91,7.2
541,Katangli,RU,2022-11-05 23:50:49,51.7102,143.2326,25.5,60,90,14.38
542,Gorom-Gorom,BF,2022-11-05 23:50:49,14.4439,-0.2361,81.1,19,63,8.93
543,Popondetta,PG,2022-11-05 23:50:49,-8.7537,148.2534,90.86,50,98,3.74
544,Stockach,DE,2022-11-05 23:50:50,47.85,9.0167,39.24,82,91,0.96
545,Cholet,FR,2022-11-05 23:50:50,47.1667,-1.0,54.64,93,92,10.69
546,Korla,CN,2022-11-05 23:50:50,41.7597,86.1469,45.91,39,95,3.76
547,Leeton,AU,2022-11-05 23:50:50,-34.5667,146.4,71.56,49,100,9.19
